author;content;timestamp

smartertrader;should drseeeeee;2020-12-09 11:55:38 +0000
smartertrader;should drseeeeee333;2020-12-09 11:55:50 +0000
smartertrader;should drseeeeee3ss33;2020-12-09 12:06:04 +0000
smartertrader;should drseegggggggggggeeee3ss33;2020-12-09 12:07:06 +0000
smartertrader;shouldbfgbfgbfgbfgbfgbfg drseeeeee3ss33;2020-12-09 12:08:51 +0000
smartertrader;shouldbfgbfgbfgbfgbfgbfg drseeeeedddde3ss33;2020-12-09 12:15:10 +0000
smartertrader;ddddddddddddddddddshouldbfgbfgbfgbfgbfgbfg drseeeeedddde3ss33;2020-12-09 12:15:21 +0000
smartertrader;ddddddddddddddddddshouldbfgbfgbfgbfgbfgbfg ssdrseeeeedddde3ss33;2020-12-09 12:16:01 +0000
smartertrader;ddddddddddddddddddshouldbfgbfgbfgbfgbfgbfg drseeeeeddddssssssssssssssssssssssssssssssssssssssssssssssssssse3ss33;2020-12-09 12:16:01 +0000
